,brand,price
0,Air Jordan Dub-Ze,"$124.99
"
1,Air Jordan V (5) ,l-Air Ki
2,Nike Daybreak SPR,"$99.99
$"
3,Air Jordan 1 Low , Shoes$1
4,Converse Chuck '7,"84.99
$8"
5,Converse Chuck '7,"84.99
$8"
6,Converse Chuck '7,"84.99
$8"
7,Nike Women's Bena,"$39.99
$"
8,New Balance 1300M,"$170

Ch"
9,New Balance 1300M,"$170

Ch"
10,Nike Air Max 97Re,"154.99
$"
11,Nike Air Max Camd,".99
$50
"
12,Nike Benassi JDIS,Choose o
13,Nike Women's Bena,"99
$25

"
14,Tretorn Nylite2pl,"50.99
$8"
15,Tretorn Meg4Lifes,"65

Choo"
16,Tretorn Nylite2pl,"80.99
$8"
17,Tretorn Nylite17p,"$47.99
$"
18,Air Jordan V (5) ,all Shoe
19,Adidas D.Rose 6 (,Choose o
20,Asics Gel Contend,"$65.99
$"
21,Asics Nitrofuze 2,"9
$130

"
22,Saucony PEREGRINE,oes$91.9
23,Saucony Triumph I,"91.99
$1"
24,Saucony OmniRunni,"0

Choos"
25,New Balance Women,"s$71.99
"
26,New Balance Women,es$55.99
27,New Balance Women,unning S
28,New Balance Women,"$49.99
$"
29,New Balance Women,es$130.9
30,New Balance Women,Shoes$65
31,New Balance Women,"78.99
$9"
32,New Balance Women,"99
$130
"
33,New Balance Women,g Shoes$
34,New Balance Women,nning Sh
35,New Balance Women,nning Sh
36,New Balance Women,ng Shoes
37,New Balance Women,g Shoes$
38,New Balance Women,g Shoes$
39,New Balance Women,"$78.99
$"
40,New Balance Women,"$65.99
$"
41,New Balance Women,es$68.99
42,New Balance Women,es$78.99
43,New Balance Women,"73.99
$9"
44,New Balance Women,"$84.99
$"
45,New Balance Women,"82.99
$1"
46,New Balance Women,es$111.9
47,New Balance Women,"$107.99
"
